Ahtanum®,hops
Amarillo®,hops
Aramis,hops
Aurora,hops
Blanc,hops
Bobek,hops
Brewers Gold,hops
Cascade,hops
Citra®,hops
Crystal,hops
East Kent Goldings,hops
Ekuanot™,hops
Falconer's Flight 7C's®,hops
Falconer's Flight®,hops
Fuggle,hops
Gold,hops
Golding,hops
Golding,hops
Hallertau,hops
Hallertauer Mittelfrüh,hops
Hallertauer Tradition,hops
HBC 472,hops
Hersbrucker,hops
Hersbrucker Pure,hops
Huell Melon,hops
Liberty,hops
Lublin/Lubelski,hops
Mandarina Bavaria,hops
Mosaic®,hops
Motueka,hops
Mount Hood,hops
Pacific Hallertau,hops
Pacifica,hops
Palisade®,hops
Riwaka,hops
Saaz,hops
Saaz Triploid B,hops
Santiam,hops
Saphir,hops
Savinjski Golding,hops
Select,hops
Spalt,hops
Spalter,hops
Spalter Select,hops
Strisselspalt,hops
Styrian Golding,hops
Summer,hops
Sussex,hops
Sylva,hops
Tahoma,hops
Tettnanger,hops
Tettnanger,hops
Tradition,hops
Triplepearl,hops
Triskel,hops
Ultra,hops
Vanguard,hops
Wai-iti,hops
Whitbread Golding,hops
Zythos®,hops
Admiral,hops
Bravo,hops
Brewers Gold,hops
Chelan,hops
Columbus,hops
Comet,hops
Galena,hops
Green Bullet,hops
Hallertauer Taurus,hops
HBC 682,hops
Herkules,hops
Magnum,hops
Magnum,hops
Merkur,hops
Millennium,hops
Newport,hops
Nugget,hops
Nugget,hops
Pacific Gem,hops
Pacific Sunrise,hops
Southern Star,hops
Summit™,hops
Sun,hops
Target,hops
Tomahawk®,hops
Victoria,hops
Warrior®,hops
Zeus,hops
Bitter Gold,hops
Bramling Cross,hops
Celeia,hops
Centennial,hops
Challenger,hops
Chinook,hops
Cluster,hops
Dr. Rudi,hops
Ella,hops
First Gold,hops
Fuggle,hops
Galaxy,hops
Glacier,hops
Hallertau Aroma,hops
HBC 431,hops
HBC 438,hops
Helga,hops
Herald,hops
Horizon,hops
Hüller Bitterer,hops
Kohatu,hops
Loral®,hops
Marynka,hops
Mount Rainier,hops
Nelson Sauvin,hops
Northdown,hops
Northern Brewer,hops
Northern Brewer,hops
Opal,hops
Orion,hops
Outeniqua,hops
Pacific Jade,hops
Perle,hops
Perle,hops
Phoenix,hops
Pilgrim,hops
Pioneer,hops
Polaris,hops
Premiant,hops
Pride of Ringwood,hops
Progress,hops
Rakau,hops
Simcoe®,hops
Smaragd,hops
Sorachi Ace,hops
Southern Brewer,hops
Southern Cross,hops
Southern Promise,hops
Sovereign,hops
Status ,hops
Sterling,hops
Sticklebract,hops
Super Alpha,hops
Super Pride,hops
Super Styrian (Aurora),hops
Waimea,hops
Wakatu,hops
WGV,hops
Willamette,hops
A01 House,yeast
A04 Barbarian,yeast
A07 Flagship,yeast
A09 Pub,yeast
A10 Darkness,yeast
A15 Independence,yeast
A18 Joystick,yeast
A20 Citrus,yeast
A24 Dry Hop,yeast
A31 Tartan,yeast
A38 Juice,yeast
A43 Loki,yeast
Abbaye Belgian Ale Yeast,yeast
B44 Whiteout,yeast
B45 Gnome,yeast
B48 Triple Double,yeast
B51 Workhorse,yeast
B56 Rustic,yeast
B63 Monastic,yeast
B64 Napoleon,yeast
SafAle BE-134,yeast
SafAle BE-256,yeast
Belle Saison,yeast
Blanche,yeast
BRY-97 American West Coast,yeast
Cask And Bottle Conditioned Beer Yeast,yeast
Coopers Pure Brewing Yeast,yeast
Scottish Heavy,yeast
Saison Brasserie Blend,yeast
Belgian Abbaye,yeast
Old Newark Ale,yeast
Belgian White,yeast
Old Newark Beer,yeast
Trappist Ale,yeast
Saison Single-Strain ,yeast
Burton Union,yeast
British Mild,yeast
Adelaide Ale,yeast
Dublin Ale,yeast
Northeast Ale,yeast
SafAle or SafBrew F-2,yeast
G01 Stefon,yeast
G02 Kaiser,yeast
G03 Dieter,yeast
NorCal Ale #1,yeast
Achouffe Belgian Ale,yeast
Belgian Mix,yeast
British Ale #1,yeast
Trappist Tripel,yeast
Scourmont Abbey Ale,yeast
Altstadt Ale,yeast
Bavarian Hefe,yeast
Saison #1,yeast
Portland Hefe,yeast
Kolsch Bier,yeast
Saison #2,yeast
Belgian Wit,yeast
NorCal Ale #5,yeast
British Ale Yeast #2,yeast
British Ale Yeast #3,yeast
Scotch Ale #1,yeast
Saison Blend,yeast
Golden Pear Belgian,yeast
Vermont IPA Yeast,yeast
Quebec Abbey Ale Yeast,yeast
Irish Stout,yeast
Safale K-97,yeast
London,yeast
Newcastle Dark Ale,yeast
British Ale,yeast
Workhorse,yeast
Bavarian Wheat,yeast
Belgian Ale,yeast
US West Coast,yeast
Burton Union,yeast
Munich,yeast
Nottingham,yeast
West Coast Ale,yeast
Irish Ale,yeast
British Ale,yeast
British Ale VIII,yeast
Hefeweizen Ale,yeast
Belgian Ale A,yeast
DIPA Ale,yeast
Hot Head Ale,yeast
American Farmhouse,yeast
Saisonstein's Monster,yeast
Belgian Ale W,yeast
Safale S-04,yeast
Safale S-33,yeast
SafAle T-58,yeast
Safale US-05,yeast
Safbrew WB-06,yeast
Windsor,yeast
California Ale Yeast,yeast
English Ale Yeast,yeast
German Ale II,yeast
Irish Ale Yeast,yeast
British Ale Yeast,yeast
Dry English Ale Yeast,yeast
East Coast Ale Yeast,yeast
Australian Ale Yeast ,yeast
Anniversary Ale Blend,yeast
European Ale Yeast,yeast
London Ale Yeast,yeast
Essex Ale Yeast ,yeast
Burton Ale Yeast,yeast
Southwold Ale Yeast,yeast
Premium Bitter,yeast
Edinburgh Scottish Ale Yeast,yeast
German Ale/ Kölsch Yeast,yeast
Dusseldorf Alt Yeast,yeast
Yorkshire Square ,yeast
Manchester Ale Yeast ,yeast
East Midlands (Nottingham) Ale Yeast ,yeast
Pacific Ale Yeast,yeast
California Ale V Yeast,yeast
American Ale Yeast Blend,yeast
French Ale Yeast ,yeast
Old Sonoma Ale Yeast,yeast
Cream Ale Yeast Blend,yeast
English Ale Blend,yeast
San Diego Super Yeast,yeast
Burlington Ale Yeast,yeast
Super High Gravity Ale Yeast,yeast
American Pub Ale Yeast,yeast
Persica (Columbia) Ale Yeast,yeast
Hefeweizen Ale Yeast,yeast
American Hefeweizen Ale Yeast,yeast
Bavarian Weizen Yeast ,yeast
Hefeweizen IV Ale Yeast ,yeast
Belgian Wit Ale Yeast,yeast
Belgian Wit II Ale Yeast ,yeast
Trappist Ale Yeast,yeast
Belgian Bastogne Ale Yeast ,yeast
Antwerp Ale Yeast ,yeast
Abbey Ale Yeast,yeast
Abbey IV Ale Yeast ,yeast
Belgian Strong Ale ,yeast
Belgian Ale Yeast,yeast
Classic Saison Yeast Blend,yeast
Belgian Saison I Yeast,yeast
Belgian Saison II Yeast ,yeast
Belgian Style Saison Ale Yeast Blend,yeast
Belgian Golden Ale Yeast,yeast
Belgian Style Ale Yeast Blend,yeast
Belgian Saison III Yeast,yeast
French Saison Ale Yeast,yeast
German Ale,yeast
American Wheat,yeast
PC British Cask Ale,yeast
London Ale,yeast
American Ale,yeast
Wyeast Bohemian Ale Blend,yeast
Whitbread Ale,yeast
Burton IPA Blend,yeast
Belgian Abbey,yeast
PC West Coast IPA,yeast
London Ale III,yeast
Northwest Ale,yeast
Belgian Strong Ale,yeast
Denny's Favorite 50,yeast
West Yorkshire Ale,yeast
PC Belgian Stout,yeast
Flying Dog,yeast
Swedish Ale,yeast
Belgian Abbey II,yeast
Rogue Pacman,yeast
PC English Special Bitter,yeast
PC Thames Valley II,yeast
NB NeoBritannia,yeast
PC Denny's Favorite 50,yeast
Kölsch,yeast
PC Kölsch II,yeast
Bavarian Wheat Blend,yeast
Oud Bruin Ale Blend,yeast
Belgian Lambic Blend,yeast
Forbidden Fruit,yeast
Belgian Ardennes,yeast
Leuven Pale Ale,yeast
Belgian Schelde Ale,yeast
French Saison,yeast
Belgian Saison,yeast
Bière de Garde,yeast
Farmhouse Ale,yeast
PC Flanders Golden Ale,yeast
Dutch Castle,yeast
Canadian/Belgian Ale Yeast,yeast
Belgian Wheat,yeast
Belgian Witbier,yeast
Imperial Blend,yeast
PC Old Ale Blend,yeast
Munton's Standard Yeast,yeast
Munton's Premium Gold,yeast
Sigmund's Voss Kveik,yeast
Saison Blend II,yeast
Flanders Specialty Ale,yeast
Wallonian Farmhouse,yeast
Midwestern Ale,yeast
Dry Belgian Ale,yeast
Vermont Ale,yeast
Northeastern Abbey,yeast
Saison Blend,yeast
Wallonian Farmhouse II,yeast
Wallonian Farmhouse III,yeast
BugFarm,yeast
BugFarm I,yeast
BugFarm II,yeast
BugFarm III,yeast
BugFarm IV,yeast
 BugFarm V,yeast
Flemish Ale,yeast
Farmhouse Brett,yeast
Brett blend #1 / Brett Anomala,yeast
Brett Blend #9 (pre June 2013),yeast
Brett. Brux. (post June 2013),yeast
Berliner blend,yeast
Bug County,yeast
Oud Brune,yeast
F08 Sour Batch Kidz,yeast
Farmhouse Sour,yeast
Berliner Blend,yeast
Sour Plum Belgian,yeast
Saison Sour,yeast
Sour Cherry Funk,yeast
Brux Blend,yeast
Where Da Funk?,yeast
Bring on Da Funk,yeast
Berliner Weisse Blend,yeast
Belgian Sour Mix 1,yeast
Flemish Ale Blend,yeast
American Farmhouse Blend,yeast
Lactobacillus Bacteria,yeast
Saison-Brett Blend,yeast
Berliner-Weisse Blend,yeast
Roeselare Ale Blend,yeast
PC Trappist Blend,yeast
Lactobacillus,yeast
Pediococcus damnosus,yeast
B. custersianus,yeast
Brettanomyces Nanus (Eeniella nana),yeast
Naardenensis,yeast
Dirty Dozen,yeast
Brussel Bruxellensis,yeast
Tart Cherry Brett,yeast
Sweet Flemish Brett,yeast
Bit O' Funk,yeast
All The Bretts,yeast
W15 Suburban Brett,yeast
Bettanomyces bruxellensis Trois Vrai,yeast
Brettanomyces bruxellensis Trois,yeast
Brettanomyces claussenii,yeast
Brettanomyces bruxellensis,yeast
Brettanomyces lambicus,yeast
Brettanomyces bruxellensis,yeast
PC Brettanomyces claussenii,yeast
Brettanomyces lambicus,yeast
B. intermedius,yeast
GigaYeast Lacto,yeast
Lactobacillus Blend,yeast
Lactobacillus brevis,yeast
Lactobacillus brevis,yeast
Munich Festbier,yeast
Kölschbier,yeast
Baltic Lager,yeast
Kellerbier,yeast
Czech Pilsner,yeast
Golden Gate Lager,yeast
American Lager ,yeast
German Lager,yeast
L05 Cablecar,yeast
L13 Global,yeast
L17 Harvest,yeast
L28 Urkel,yeast
Lager,yeast
Bohemian Lager,yeast
Bayern Lager,yeast
Saflager S-189,yeast
Saflager S-23,yeast
Saflager W-34/70,yeast
Pilsner Lager Yeast:,yeast
Czech Budejovice Lager Yeast,yeast
San Francisco Lager Yeast,yeast
Oktoberfest/Märzen Lager Yeast,yeast
German Lager Yeast,yeast
German Lager X,yeast
Southern German Lager Yeast,yeast
American Lager Yeast,yeast
Copenhagen Lager Yeast,yeast
Cry Havoc ,yeast
Zurich Lager Yeast ,yeast
Old Bavarian Lager ,yeast
Mexican Lager Yeast,yeast
Budvar Lager,yeast
Urquell Lager,yeast
Gambrinus Lager,yeast
Pilsen Lager,yeast
American Lager,yeast
Danish Lager,yeast
Rocky Mountain Lager,yeast
California Lager,yeast
Bohemian Lager,yeast
Bavarian Lager,yeast
European Lager,yeast
Rasenmäher Lager,yeast
PC North American Lager,yeast
Czech Pils,yeast
Munich Lager,yeast
PC Munich Lager II,yeast
PC Hella Bock,yeast
Octoberfest Lager Blend,yeast
PC Staro Prague Lager,yeast
Hessian Pils,yeast
Fanconian Dark Lager,yeast
Malo-lactic Blend (Leuconostoc oenos),yeast
London ESB Ale,yeast
Irish Ale,yeast
British Ale,yeast
Ringwood Ale,yeast
American Ale II,yeast
Thames Valley Ale,yeast
British Ale II,yeast
European Ale,yeast
Scottish Ale,yeast
Weihenstephan Weizen,yeast
German Wheat,yeast
Bavarian Wheat,yeast
Trappist High Gravity,yeast
Pilsner Malt ,grain
Vienna Malt ,grain
Heidleberg ,grain
Melanoidin,grain
Melanoidin Light,grain
Organic Pilsen Malt,grain
Pale Ale   ,grain
Pilsen ,grain
Red X®,grain
Munich Dark,grain
Munich Malt,grain
Caramel Amber,grain
Caramel Aromatic,grain
Caramel Hell,grain
Caramel Munich I,grain
Caramel Munich II,grain
Caramel Munich III,grain
Caramel Pils,grain
Best Black Malt,grain
Best Black Malt eXtra,grain
Roasted Barley,grain
Best Chocolate,grain
Peated Malt,grain
Smoked Malt,grain
Special X®,grain
Acidulated Malt,grain
Best Chit Malt,grain
Heidleberg Wheat Malt,grain
Spelt Malt,grain
Wheat Malt,grain
"Wheat Malt, Dark",grain
Vienna Malt,grain
Organic Roasted Barley,grain
Ashburne® Mild Malt,grain
Briess Brewer's Malt,grain
Full Pint Brewer's Malt,grain
Goldpils® Vienna,grain
Organic Brewers Malt,grain
Pale Ale Malt ,grain
Pilsen Malt,grain
Synergy Select Pilsen Malt,grain
Aromatic Munich Malt 20L,grain
Bonlander®Munich Malt 10L,grain
Organic Bonlander® Munich Malt 10L,grain
Victory® Malt,grain
Caramel Malt - 10L,grain
Caramel Malt - 20L,grain
Caramel Malt - 30L,grain
Caramel Malt - 40L,grain
Caramel Malt - 60L,grain
Caramel Malt - 80L,grain
Caramel Malt - 90L,grain
Caramel Malt -120L,grain
Caramel Munich Malt - 60L,grain
Caramel Vienne Malt - 20L,grain
Organic Caramel Malt 120L,grain
Organic Caramel Malt 20L,grain
Organic Caramel Malt 60L,grain
Organic Carpils® Malt,grain
Carapils® Copper Malt,grain
Carapils® Malt,grain
Black Malt,grain
Blackprinz® Malt ,grain
Cara®brown Malt,grain
Chocolate Malt,grain
Dark Chocolate Malt,grain
Organic Black Malt,grain
Organic Chocolate Malt,grain
Special Roast Malt,grain
Applewood Smoked Malt,grain
"Barley, Flaked",grain
Black Barley ,grain
Black Malted Barley Flour,grain
Caracrystal® Wheat Malt 55L,grain
Caramel Rye Malt,grain
Cherrywood Smoked Malt,grain
"Corn - Yellow, Flaked ",grain
Extra Special Malt,grain
Light Roasted Barley ,grain
Mesquite Smoked Malt,grain
Midnight Wheat Malt,grain
"Oats, Flaked",grain
"Rye, Flaked",grain
"Rye, Malted",grain
"Wheat Malt, Red",grain
"Wheat, Torrified",grain
"Triticale, Flaked",grain
"Wheat Malt, White",grain
Special B,grain
Castle Pilsner Malt 6RS,grain
Château Pale Ale,grain
Château Pilsen 2RS,grain
Château Vienna,grain
Château Biscuit,grain
Château Biscuit Nature,grain
Château Melano,grain
Château Melano Light,grain
Château Monastique,grain
Château Munich Light,grain
Château Cara Blonde™,grain
Château Cara Gold Nature,grain
Château Cara Gold™,grain
Château Cara Ruby™,grain
Château Special Belgium™,grain
Château Special Belgium™ Nature,grain
Château Black,grain
Château Chocolat,grain
Château Spelt,grain
Crisp Best Ale Malt,grain
Crisp Chevallier Heritage Malt,grain
Crisp Europils Malt,grain
Crisp Extra Pale Maris Otter®,grain
Crisp Finest Maris Otter®,grain
Crisp No.19 Floor-Malted Maris Otter®,grain
Crisp Organic Ale Malt,grain
William Crisp Amber Malt,grain
William Crisp Dark Munich Malt,grain
William Crisp Light Munich Malt,grain
William Crisp Cara Malt 15L,grain
William Crisp Crystal 60L,grain
William Crisp Crystal 77L,grain
William Crisp Crystal Extra Dark 120L,grain
William Crisp Crystal Light 45L,grain
William Crisp Chocolate Malt,grain
William Crisp Brown Malt,grain
William Crisp Pale Chocolate Malt,grain
William Crisp Black Malt,grain
William Crisp Roasted Barley,grain
Crisp Malted Oats,grain
Crisp Organic Wheat Malt,grain
Crisp Rye Malt,grain
Crisp Wheat Malt,grain
Pale Malt 2-Row,grain
Pilsner Malt,grain
Aromatic Malt,grain
Biscuit Malt,grain
Dingemans Munich Malt,grain
Cara 20 (Caravienne) Malt,grain
Dingemans Cara 8 Malt,grain
Dingemans Caramunich 45,grain
Special B Malt,grain
Belgian Debittered Black Malt,grain
Chocolate ,grain
Franco-Belges Pilsen,grain
ESB Pale Malt,grain
Organic Pale Malt,grain
Organic Pilsner Malt,grain
Pale Malt,grain
Pilsner Malt,grain
Vienna Malt,grain
Honey Malt ,grain
Munich Dark 30L,grain
Munich Light 10L,grain
Organic Munich 10L,grain
Organic Wheat Malt,grain
Wheat Malt,grain
"Rice, Flaked",grain
Pale High Color Malt,grain
Premium 2-Row Malt,grain
Pure California Malt,grain
Pure Idaho Malt,grain
Pure Oregon Malt,grain
Pure Washington Malt,grain
Superior Pilsen,grain
Vienna Malt,grain
Whiteout Malt,grain
Mela Malt,grain
Munich Malt ,grain
Caramel Steam Malt,grain
Crystal 120,grain
Crystal 15,grain
Crystal 150,grain
Crystal 30,grain
Crystal 40,grain
Crystal 60,grain
Crystal 75,grain
Crystal Wheat Malt ,grain
DextraPils,grain
Great Western White Wheat Malt,grain
Unmalted Barley,grain
"Wheat, Unmalted",grain
Warminster Floor Malted Maris Otter Malt,grain
Maris Otter Malt ,grain
Irish Ale Malt,grain
Irish Lager Malt,grain
Irish Stout Malt,grain
Lager Malt,grain
Maris Otter ,grain
Munton's English Mild Malt,grain
Chocolate Malt ,grain
Muntons English Pale Malt,grain
Muntons Crystal 60L,grain
Muntons Black Patent Malt,grain
Muntons Roasted Barley,grain
Extra Pale Malt,grain
Vienna Malt,grain
Munich Malt,grain
Caramel 110L,grain
Caramel 15L,grain
Caramel 170L,grain
Caramel 190L,grain
Caramel 35L,grain
Caramel 45L,grain
Caramel 55L,grain
Caramel 70L,grain
Caramel 90L,grain
Caramel Especial Malt 140L,grain
Patagonia Brown 115L,grain
Patagonia Chocolate 350L,grain
Patagonia Coffee 230L,grain
Patagonia Dark Chocolate 450L,grain
Patagonia Perla Negra (Black Pearl) 340L,grain
Rahr Old World Pilsner,grain
Rahr Pale Ale,grain
Rahr Premium Pilsner,grain
Rahr Standard 2-Row ,grain
Rahr Standard 6- Row,grain
Rahr Red Wheat,grain
Rahr Unmalted Wheat,grain
Rahr White Wheat,grain
Pilsner (2 Row) German,grain
Best Pale Ale Malt,grain
Extra Pale Ale Malt,grain
Finest Lager Malt,grain
Finest Pale Ale Maris Otter®,grain
Golden Promise™,grain
Low Color Maris Otter,grain
Amber Malt,grain
Aromatic Malt,grain
Cornish Gold,grain
Imperial Malt ,grain
Munich Malt,grain
Vienna Malt,grain
British Crystal ,grain
"English Crystal, 50-60 L",grain
Heritage Crystal Malt,grain
Simpson's DRC®,grain
Roasted Barley,grain
Black (Patent) Malt,grain
Brown Malt,grain
Chocolate Malt,grain
Dextrin Malt,grain
Peat Smoked Malt,grain
Wheat Malt,grain
Golden Naked Oats®™,grain
"Oats, Golden Naked",grain
"Oats, Malted",grain
Rye Malt,grain
Wheat Malt,grain
Caramalt,grain
Crystal Light ,grain
Crystal T50™,grain
"Crystal, Dark ",grain
"Crystal, Extra Dark ",grain
"Crystal, Medium ",grain
Premium English Caramalt,grain
"Pale Malt, Halcyon",grain
Thomas Fawcett Floor Malted Maris Otter,grain
Thomas Fawcett Caramalt,grain
Pale Chocolate Malt,grain
Barke® Munich Malt,grain
Barke® Pilsner Malt,grain
Barke® Vienna Malt,grain
Bohemian Pilsner Malt,grain
Extra Pale Premium Pilsner ,grain
Floor-Malted Bohemian Dark Malt,grain
Floor-Malted Bohemian Pilsner,grain
Pale Ale Malt,grain
Pilsner Malt,grain
Vienna Malt ,grain
Weyermann Brewing Malt (Type Cologne),grain
Melanoidin ,grain
Munich Type 1 ,grain
Munich Type 2 ,grain
CARAAMBER®,grain
CARAAROMA®,grain
CARABELGE®,grain
CARABOHEMIAN®,grain
CARAFOAM®,grain
CARAHELL®,grain
CARAMUNICH® Type 1,grain
CARAMUNICH® Type 2,grain
CARAMUNICH® Type 3,grain
CARARED®,grain
CARARYE®,grain
CARAWHEAT®,grain
Weyermann® Abbey Malt®,grain
"Barley, Roasted",grain
Special W®,grain
CARAFA® Special Type 2,grain
CARAFA® Special Type 3,grain
CARAFA® Special Type I ,grain
CARAFA® Type 1,grain
CARAFA® Type 2,grain
CARAFA® Type 3,grain
Acidulated Malt,grain
Chocolate Rye Malt,grain
Chocolate Wheat Malt,grain
Smoked Malt,grain
"Wheat Malt, Pale",grain
Rye Malt,grain
"Spelt Malt, Chocolate",grain
"Wheat Malt, Dark",grain